indicators_harmonized,policy,assessment,sources,ipbes,usage,usage_policy,usage_assess,indic,indic_ext,var_ext,Categories,Categories_2,Subcategories,Subcategories_2,source
red list of ecosystems,1,1,"GEO,GBF",NA,2,1,1,1,1,NA,ecosystems,NA,State of ecosystems,NA,GBF
extent of natural ecosystems,1,0,GBF,NA,1,1,0,1,NA,NA,ecosystems,NA,State of ecosystems,NA,GBF
red list index,1,1,"GA,SUA,IAS,GEO,GBF,SDG",1,6,2,4,1,1,NA,biodiversity,NA,State of biodiversity,NA,GBF
proportion of populations within species with a genetically effective population size > 500,1,0,GBF,NA,1,1,0,1,NA,NA,biodiversity,NA,State of biodiversity,NA,GBF
services provided by ecosystems,1,0,GBF,NA,1,1,0,1,NA,NA,Ecosystem services,NA,Nature contribution,NA,GBF
percent of land and seas covered by biodiversity-inclusive spatial plans,1,0,GBF,NA,1,1,0,1,NA,NA,ecosystems,NA,Area conservation,NA,GBF
area under restoration,1,0,GBF,NA,1,1,0,1,NA,NA,ecosystems,NA,Restoration efforts,NA,GBF
coverage of protected areas and oecms,1,0,GBF,NA,1,1,0,1,NA,NA,ecosystems,NA,Area conservation,NA,GBF
proportion of fish stocks within biologically sustainable levels,1,1,"GA,SUA,GEO,GBF,SDG",1,5,2,3,1,1,NA,biodiversity,NA,State of biodiversity,NA,GBF
rate of invasive alien species establishment,1,1,"IAS,GBF",1,2,1,1,1,1,NA,Invasive alien species,NA,Invasive alien species,NA,GBF
index of coastal eutrophication potential (icep),1,1,"SUA,GEO,GBF,SDG",1,4,2,2,1,1,NA,ecosystems,Direct drivers,State of ecosystems (integrity),Pollution,GBF
benefits from the sustainable use of wild species,1,0,GBF,NA,1,1,0,1,NA,NA,Ecosystem services,NA,Specific mention of sustainable use of species/ecosystems,NA,GBF
percentage of the population in traditional employment,1,0,GBF,NA,1,1,0,1,NA,NA,biodiversity,NA,Species conservation,Change in biodiversity,GBF
proportion of agricultural area under productive and sustainable agriculture,1,1,"GA,SUA,GEO,GBF,SDG",1,5,2,3,1,1,NA,Ecosystem services,NA,Specific mention of sustainable use of species/ecosystems,NA,GBF
ecosystem intactness index,1,0,GBF,NA,1,1,0,1,1,NA,ecosystems,NA,State of ecosystems (integrity),NA,GBF
ecosystem integrity index,1,0,GBF,NA,1,1,0,1,1,NA,ecosystems,NA,State of ecosystems (integrity),NA,GBF
species habitat index,1,1,"GA,GBF",1,2,1,1,1,1,NA,biodiversity,NA,State of biodiversity,NA,GBF
biodiversity habitat index,1,1,"GA,GBF",1,2,1,1,1,1,NA,biodiversity,NA,State of biodiversity,NA,GBF
protected connected (protconn) index,1,0,GBF,NA,1,1,0,1,1,NA,ecosystems,NA,Area conservation,State of ecosystems (coverage),GBF
protected area connectedness (parc-connectedness) index,1,1,"GA,GBF",1,2,1,1,1,1,NA,ecosystems,NA,State of ecosystems (configuration),NA,GBF
evolutionarily distinct and globally endangered (edge),1,0,GBF,NA,1,1,0,1,NA,NA,biodiversity,NA,Genetic diversity,Species conservation,GBF
living planet index,1,1,"GA,SUA,GEO,GBF",1,4,1,3,1,1,NA,ecosystems,NA,State of biodiversity,NA,GBF
change in the extent of water-related ecosystems over time,1,1,"SUA,GBF,SDG",1,3,2,1,1,NA,NA,ecosystems,NA,State of ecosystems,Change in ecosystems,GBF
red list index (for utilized species),1,1,"GA,GEO,GBF",1,3,1,2,1,1,NA,biodiversity,Ecosystem services,State of biodiversity,Nature contribution,GBF
living planet index (for used species),1,0,GBF,NA,1,1,0,1,1,NA,ecosystems,Ecosystem services,State of biodiversity,Nature contribution,GBF
priority retention of intact / wilderness areas,1,0,GBF,NA,1,1,0,1,NA,NA,ecosystems,NA,State of ecosystems (integrity),NA,GBF
maintenance and restoration of connectivity of natural ecosystems,1,0,GBF,NA,1,1,0,1,NA,NA,ecosystems,NA,Restoration efforts,NA,GBF
protected area coverage of key biodiversity areas,1,1,"GA,GBF",1,2,1,1,1,1,NA,ecosystems,NA,Area conservation,NA,GBF
protected area management effectiveness (pame),1,1,"GA,GBF",1,2,1,1,1,1,NA,ecosystems,Governance,Area conservation,Nature-based legislation,GBF
connectivity indicator,1,0,GBF,NA,1,1,0,1,NA,NA,ecosystems,NA,State of ecosystems (configuration),NA,GBF
number of protected areas that have completed a site-level assessment of governance and equity (sage),1,0,GBF,NA,1,1,0,1,NA,NA,ecosystems,NA,Area conservation,NA,GBF
species protection index,1,1,"GA,GBF",1,2,1,1,1,1,NA,biodiversity,NA,Species conservation,NA,GBF
number of plant and animal genetic resources secured in medium or long-term conservation facilities,1,1,"GA,GBF",1,2,1,1,1,NA,NA,biodiversity,NA,Genetic resources,NA,GBF
green status of species index,1,0,GBF,NA,1,1,0,1,1,NA,biodiversity,NA,State of biodiversity,NA,GBF
conservation status of species listed in the cites appendices has stabilized or improved,1,0,GBF,NA,1,1,0,1,NA,NA,ecosystems,NA,Species conservation,NA,GBF
sustainable use of wild species,1,0,GBF,NA,1,1,0,1,NA,NA,Ecosystem services,NA,Specific mention of sustainable use of species/ecosystems,NA,GBF
rate of invasive species impact and rate of impact,1,0,GBF,NA,1,1,0,1,NA,NA,Invasive alien species,NA,Invasive alien species,NA,GBF
rate of invasive alien species spread,1,0,GBF,NA,1,1,0,1,NA,NA,Invasive alien species,NA,Invasive alien species,NA,GBF
number of invasive alien species introduction events,1,1,"GA,GBF",1,2,1,1,1,1,NA,Invasive alien species,NA,Invasive alien species,NA,GBF
floating plastic debris density,1,1,"GEO,GBF",NA,2,1,1,1,1,NA,ecosystems,Direct drivers,State of ecosystems (integrity),Pollution,GBF
red list index (impacts of pollution),1,1,"GA,GBF",1,2,1,1,1,1,NA,biodiversity,Direct drivers,State of biodiversity,Pollution,GBF
total climate regulation services provided by ecosystems by ecosystem type (system of environmental economic accounts),1,0,GBF,NA,1,1,0,1,NA,NA,Ecosystem services,NA,Nature contribution,NA,GBF
bioclimatic ecosystem resilience index (beri),1,0,GBF,NA,1,1,0,1,1,NA,ecosystems,NA,State of biodiversity,NA,GBF
area of forest under sustainable management: total forest management certification by forest stewardship council and programme for the endorsement of forest certification,1,1,"GA,GBF",1,2,1,1,1,1,NA,Ecosystem services,Governance,Specific mention of sustainable use of species/ecosystems,Nature-based legislation,GBF
proportion of bodies of water with good ambient water quality,1,1,"SUA,GBF,SDG",1,3,2,1,1,NA,NA,ecosystems,Human well-being,State of ecosystems,Healthy living conditions,GBF
level of water stress,1,1,"GEO,GBF",NA,2,1,1,1,1,NA,ecosystems,Human well-being,State of ecosystems,Healthy living conditions,GBF
number of permits or their equivalents for genetic resources (including those related to traditional knowledge) by type of permit,1,0,GBF,NA,1,1,0,1,NA,NA,biodiversity,NA,Genetic resources,NA,GBF
species status index,1,1,"GA,GBF",1,2,1,1,1,1,NA,biodiversity,NA,State of biodiversity,NA,GBF
forest area as a percentage of total land area,1,1,"GA,SUA,GEO,GBF,SDG",1,5,2,3,1,1,NA,ecosystems,NA,State of ecosystems (coverage),NA,GBF
forest distribution,1,0,GBF,NA,1,1,0,1,NA,NA,ecosystems,NA,State of ecosystems,NA,GBF
tree cover loss,1,0,GBF,NA,1,1,0,1,NA,NA,biodiversity,NA,Change in biodiversity,NA,GBF
grassland and savannah extent,1,0,GBF,NA,1,1,0,1,NA,NA,ecosystems,NA,State of ecosystems,NA,GBF
mountain green cover index,1,1,"SUA,GBF,SDG",1,3,2,1,1,1,NA,ecosystems,NA,State of ecosystems (coverage),NA,GBF
peatland extent and condition,1,0,GBF,NA,1,1,0,1,NA,NA,ecosystems,NA,State of ecosystems (coverage),NA,GBF
"permafrost thickness, depth and extent",1,0,GBF,NA,1,1,0,1,NA,NA,ecosystems,NA,State of ecosystems,NA,GBF
continuous global mangrove forest area,1,0,GBF,NA,1,1,0,1,NA,NA,ecosystems,NA,State of ecosystems (configuration),NA,GBF
trends in mangrove forest fragmentation,1,0,GBF,NA,1,1,0,1,NA,NA,ecosystems,NA,Change in ecosystems,State of ecosystems (configuration),GBF
trends in mangrove extent,1,0,GBF,NA,1,1,0,1,NA,NA,ecosystems,NA,Change in ecosystems,State of ecosystems (coverage),GBF
live coral cover,1,1,"GA,GBF",1,2,1,1,1,1,NA,biodiversity,NA,State of biodiversity,NA,GBF
hard coral cover and composition,1,0,GBF,NA,1,1,0,1,NA,NA,biodiversity,NA,State of biodiversity,NA,GBF
global coral reef extent,1,0,GBF,NA,1,1,0,1,NA,NA,biodiversity,NA,State of biodiversity,NA,GBF
global seagrass extent (seagrass cover and composition),1,0,GBF,NA,1,1,0,1,NA,NA,biodiversity,NA,State of biodiversity,NA,GBF
global saltmarsh extent,1,0,GBF,NA,1,1,0,1,NA,NA,ecosystems,NA,State of ecosystems,NA,GBF
kelp canopy extent,1,0,GBF,NA,1,1,0,1,NA,NA,biodiversity,NA,State of biodiversity,NA,GBF
macroalgal canopy cover and composition,1,0,GBF,NA,1,1,0,1,NA,NA,biodiversity,NA,State of biodiversity,NA,GBF
cover of key benthic groups,1,0,GBF,NA,1,1,0,1,NA,NA,biodiversity,NA,State of biodiversity,NA,GBF
fleshy algae cover,1,0,GBF,NA,1,1,0,1,NA,NA,biodiversity,NA,State of biodiversity,NA,GBF
wetland extent trends index,1,1,"GA,GBF",1,2,1,1,1,1,NA,ecosystems,NA,Change in ecosystems,NA,GBF
change in the extent of inland water ecosystems over time,1,0,GBF,NA,1,1,0,1,NA,NA,ecosystems,NA,State of ecosystems,Change in ecosystems,GBF
forest fragmentation index,1,0,GBF,NA,1,1,0,1,1,NA,ecosystems,NA,State of ecosystems,NA,GBF
forest landscape integrity index,1,0,GBF,NA,1,1,0,1,1,NA,ecosystems,NA,State of ecosystems,NA,GBF
biomass of selected natural ecosystems,1,0,GBF,NA,1,1,0,1,NA,NA,ecosystems,NA,State of ecosystems,NA,GBF
global vegetation health products,1,0,GBF,NA,1,1,0,1,NA,NA,Ecosystem services,NA,Nature contribution,NA,GBF
relative magnitude of fragmentation (rmf),1,0,GBF,NA,1,1,0,1,NA,NA,ecosystems,NA,State of ecosystems (integrity),NA,GBF
biodiversity intactness index,1,1,"GA,VA,GEO,GBF",1,4,1,3,1,1,NA,biodiversity,NA,State of biodiversity,NA,GBF
ocean health index,1,1,"GA,GEO,GBF",1,3,1,2,1,1,NA,ecosystems,NA,State of ecosystems (freshwater/coastal),NA,GBF
river fragmentation index,1,0,GBF,NA,1,1,0,1,1,NA,ecosystems,NA,State of ecosystems (integrity),State of ecosystems (freshwater/coastal),GBF
dendritic connectivity index,1,0,GBF,NA,1,1,0,1,1,NA,ecosystems,NA,State of ecosystems,NA,GBF
percentage of threatened species that are improving in status,1,0,GBF,NA,1,1,0,1,NA,NA,biodiversity,NA,Species conservation,Change in biodiversity,GBF
number of threatened species by species group,1,0,GBF,NA,1,1,0,1,NA,NA,biodiversity,NA,Species conservation,NA,GBF
wild bird index,1,1,"GA,GBF",1,2,1,1,1,1,NA,biodiversity,NA,State of biodiversity,NA,GBF
mean species abundance (msa),1,1,"GA,GBF",1,2,1,1,1,1,NA,biodiversity,NA,State of biodiversity,NA,GBF
changes in plankton biomass and abundance,1,0,GBF,NA,1,1,0,1,NA,NA,biodiversity,NA,Change in biodiversity,NA,GBF
fish abundance and biomass,1,0,GBF,NA,1,1,0,1,NA,NA,biodiversity,NA,State of biodiversity,NA,GBF
genetic scorecard for wild species,1,0,GBF,NA,1,1,0,1,NA,NA,biodiversity,NA,Genetic resources,NA,GBF
species richness,1,1,"GA,IAS,GBF",1,3,1,2,1,1,1,biodiversity,NA,State of biodiversity,NA,GBF
local species richness (predicts),1,1,"GA,GBF",1,2,1,1,1,NA,NA,biodiversity,NA,State of biodiversity,NA,GBF
marine species richness,1,0,GBF,NA,1,1,0,1,NA,NA,biodiversity,NA,State of biodiversity,NA,GBF
comprehensiveness of conservation of socioeconomically as well as culturally valuable species,1,0,GBF,NA,1,1,0,1,NA,NA,biodiversity,Human assets,Species conservation,Information on biodiversity,GBF
number of plant and animal genetic resources for food and agriculture secured in either medium- or long-term conservation facilities,1,1,"SUA,GBF",1,2,1,1,1,NA,NA,biodiversity,NA,Genetic resources,NA,GBF
proportion of local breeds classified as being at risk of extinction,1,1,"GA,SUA,GBF,SDG",1,4,2,2,1,1,NA,biodiversity,NA,Species conservation,NA,GBF
red list index (wild relatives of farmed and domesticated species),1,1,"GA,GBF",1,2,1,1,1,1,NA,biodiversity,Ecosystem services,State of biodiversity,Nature contribution,GBF
cms connectivity indicator,1,0,GBF,NA,1,1,0,1,NA,NA,biodiversity,NA,State of biodiversity,NA,GBF
intact wilderness,1,0,GBF,NA,1,1,0,1,NA,NA,ecosystems,NA,State of ecosystems,NA,GBF
loss of phylogenetic diversity,1,1,"GA,GBF",1,2,1,1,1,NA,NA,biodiversity,NA,Genetic diversity,NA,GBF
proportion of populations maintained within species,1,0,GBF,NA,1,1,0,1,NA,NA,biodiversity,NA,State of biodiversity,NA,GBF
free flowing rivers,1,0,GBF,NA,1,1,0,1,NA,NA,ecosystems,NA,State of ecosystems (freshwater/coastal),NA,GBF
number of certified forest areas under sustainable management with verified impacts on biodiversity conservation,1,0,GBF,NA,1,1,0,1,NA,NA,Ecosystem services,NA,Specific mention of sustainable use of species/ecosystems,NA,GBF
red list index (pollinators),1,1,"GA,GBF",1,2,1,1,1,1,NA,biodiversity,Ecosystem services,State of biodiversity,Nature contribution,GBF
green status index (pollinators),1,0,GBF,NA,1,1,0,1,1,NA,biodiversity,Ecosystem services,State of biodiversity,Nature contribution,GBF
air quality index,1,1,"GEO,GBF",NA,2,1,1,1,1,NA,ecosystems,Human well-being,Abiotic conditions,Healthy living conditions,GBF
level of water stress (freshwater withdrawal as a proportion of available freshwater resources),1,1,"SUA,GEO,GBF,SDG",1,4,2,2,1,1,NA,ecosystems,biodiversity,Change in ecosystems,NA,GBF
eflow index,1,0,GBF,NA,1,1,0,1,1,NA,ecosystems,NA,State of ecosystems (freshwater/coastal),NA,GBF
change in the quality of inland water ecosystems over time,1,0,GBF,NA,1,1,0,1,NA,NA,ecosystems,NA,State of ecosystems,Change in ecosystems,GBF
change in the quality of coastal water ecosystems over time,1,0,GBF,NA,1,1,0,1,NA,NA,ecosystems,NA,State of ecosystems (freshwater/coastal),Change in ecosystems,GBF
level of erosion,1,0,GBF,NA,1,1,0,1,NA,NA,ecosystems,Direct drivers,State of ecosystems,Natural drivers,GBF
biofuel production,1,1,"GEO,GBF",NA,2,1,1,1,NA,1,Ecosystem services,NA,Nature contribution,NA,GBF
fish catch potential,1,1,"GA,GBF",1,2,1,1,1,NA,NA,Ecosystem services,NA,Nature contribution,NA,GBF
forestry production and trade (wood fuel),1,0,GBF,NA,1,1,0,1,NA,NA,ecosystems,NA,State of ecosystems,NA,GBF
red list index (internationally traded species),1,1,"GA,GBF",1,2,1,1,1,1,NA,biodiversity,Ecosystem services,State of biodiversity,Nature contribution,GBF
number of users that have provided information relevant to the utilization of genetic resources to designated checkpoints,1,0,GBF,NA,1,1,0,1,NA,NA,biodiversity,NA,Genetic resources,NA,GBF
habitat patches located within marine protected areas or integrated coastal zone management (iczm),1,0,GBF,NA,1,1,0,1,NA,NA,ecosystems,NA,State of ecosystems (marine),NA,GBF
proportion of transboundary basin area with an operational arrangement for water cooperation,1,1,"SUA,GBF,SDG",1,3,2,1,1,NA,NA,Ecosystem services,NA,Nature contribution,NA,GBF
percent of total land area that is under cultivation,1,0,GBF,NA,1,1,0,1,NA,NA,ecosystems,NA,State of ecosystems,NA,GBF
habitat distributional range,1,0,GBF,NA,1,1,0,1,NA,NA,ecosystems,NA,State of ecosystems,NA,GBF
"index of species rarity sites, high biodiversity areas, large mammal landscapes, intact wilderness and climate stabilization areas",1,0,GBF,NA,1,1,0,1,1,NA,ecosystems,biodiversity,State of ecosystems,Species conservation,GBF
increase in secondary natural forest cover,1,0,GBF,NA,1,1,0,1,NA,NA,ecosystems,NA,Change in ecosystems,NA,GBF
annual tropical primary tree cover loss,1,0,GBF,NA,1,1,0,1,NA,NA,ecosystems,NA,Change in ecosystems,NA,GBF
global ecosystem restoration index,1,1,"GA,GBF",1,2,1,1,1,1,NA,ecosystems,NA,Area conservation,NA,GBF
percentage of cropped landscapes with at least 10 % natural land,1,0,GBF,NA,1,1,0,1,NA,NA,ecosystems,NA,State of ecosystems,NA,GBF
status of key biodiversity areas,1,0,GBF,NA,1,1,0,1,NA,NA,biodiversity,NA,State of biodiversity,NA,GBF
"protected area downgrading, downsizing and degazettement (pd)",1,0,GBF,NA,1,1,0,1,NA,NA,ecosystems,NA,Change in ecosystems,NA,GBF
iucn green list of protected and conserved areas,1,0,GBF,NA,1,1,0,1,NA,NA,ecosystems,NA,Area conservation,NA,GBF
number of hectares of unesco designated sites (natural and mixed world heritage sites and biosphere reserves),1,0,GBF,NA,1,1,0,1,NA,NA,ecosystems,NA,Area conservation,NA,GBF
protected area and oecm management effectiveness (mepca) indicator,1,0,GBF,NA,1,1,0,1,NA,NA,ecosystems,Governance,Area conservation,Nature-based legislation,GBF
protected area isolation index (pai),1,0,GBF,NA,1,1,0,1,1,NA,ecosystems,NA,State of ecosystems (coverage),NA,GBF
protected areas network metric (pronet),1,0,GBF,NA,1,1,0,1,NA,NA,ecosystems,NA,Area conservation,NA,GBF
extent to which protected areas and other effective area-based conservation measures (oecms) cover key biodiversity areas that are important for migratory species,1,0,GBF,NA,1,1,0,1,NA,NA,ecosystems,biodiversity,State of ecosystems,State of biodiversity,GBF
coverage of protected areas and oecms and traditional territories (by governance type),1,0,GBF,NA,1,1,0,1,NA,NA,ecosystems,NA,Area conservation,NA,GBF
ramsar management effectiveness tracking tool (r-mett),1,0,GBF,NA,1,1,0,1,NA,NA,ecosystems,NA,Area conservation,Species conservation,GBF
"proportion of terrestrial, freshwater and marine ecological regions which are conserved by protected areas or other effective area-based conservation measures",1,0,GBF,NA,1,1,0,1,NA,NA,ecosystems,NA,Area conservation,NA,GBF
species threat abatement and restoration metric,1,0,GBF,NA,1,1,0,1,NA,NA,biodiversity,NA,Species conservation,NA,GBF
changing status of evolutionary distinct and globally endangered species (edge index),1,0,GBF,NA,1,1,0,1,1,NA,biodiversity,NA,State of biodiversity,Change in biodiversity,GBF
sustainable watershed and inland fisheries index,1,0,GBF,NA,1,1,0,1,1,NA,Ecosystem services,NA,Specific mention of sustainable use of species/ecosystems,NA,GBF
red list index (internationally traded species and migratory species),1,0,GBF,NA,1,1,0,1,1,NA,biodiversity,NA,State of biodiversity,NA,GBF
marine stewardship council certified catch,1,1,"SUA,GBF",1,2,1,1,1,1,NA,Ecosystem services,NA,Specific mention of sustainable use of species/ecosystems,NA,GBF
total catch of cetaceans under international convention for the regulation of whaling,1,0,GBF,NA,1,1,0,1,NA,NA,Ecosystem services,NA,Specific mention of sustainable use of species/ecosystems,NA,GBF
proportion of legal and illegal wildlife trade consisting of species threatened with extinction,1,0,GBF,NA,1,1,0,1,NA,NA,Ecosystem services,Direct drivers,Specific monetary valuation of nature contribution,Specific mention of over-exploitation and unsustainable use of species/ecosystems,GBF
number of msc chain of custody certification holders by distribution country,1,0,GBF,NA,1,1,0,1,NA,NA,Ecosystem services,NA,Specific mention of sustainable use of species/ecosystems,NA,GBF
trends of trade and commercialization in biodiversity-based products that is sustainable and legal (in line with biotrade principles and/or cites requirements),1,0,GBF,NA,1,1,0,1,NA,NA,Ecosystem services,NA,Specific mention of sustainable use of species/ecosystems,NA,GBF
number of invasive alien species in national lists as per the global register of introduced and invasive species,1,0,GBF,NA,1,1,0,1,NA,NA,Invasive alien species,NA,Invasive alien species,NA,GBF
"trends in abundance, temporal occurrence, and spatial distribution of non-indigenous species, particularly invasive, non-indigenous species, notably in risk areas (in relation to the main vectors and pathways of spreading of such species)",1,0,GBF,NA,1,1,0,1,NA,NA,biodiversity,Direct drivers,State of biodiversity,Invasive alien species,GBF
red list index (impacts of invasive alien species),1,1,"GA,GBF",1,2,1,1,1,1,NA,biodiversity,Direct drivers,State of biodiversity,Invasive alien species,GBF
above-ground biomass stock in forest,1,0,GBF,NA,1,1,0,1,NA,NA,ecosystems,NA,State of ecosystems (coverage),NA,GBF
spawning stock biomass (related to commercially exploited species),1,0,GBF,NA,1,1,0,1,NA,NA,Ecosystem services,biodiversity,Nature contribution,State of biodiversity,GBF
agrobiodiversity index,1,0,GBF,NA,1,1,0,1,1,NA,Ecosystem services,biodiversity,Nature contribution,State of biodiversity,GBF
soil organic carbon (soc) stocks,1,1,"GEO,GBF,UNCCD",NA,3,2,1,1,1,NA,ecosystems,Ecosystem services,Abiotic conditions,Nature contribution,GBF
human appropriation of net primary productivity,1,1,"GA,VA,GBF",1,3,1,2,1,1,NA,ecosystems,Direct drivers,State of ecosystems (coverage),Land conversion,GBF
proportion of known species assessed through the red list index,1,1,"GA,GBF",1,2,1,1,1,1,NA,biodiversity,NA,Species conservation,NA,GBF
number of assessments on the red list index,1,0,GBF,NA,1,1,0,1,1,NA,biodiversity,NA,Species conservation,NA,GBF
land tenure [in the traditional territories] of indigenous peoples and local communities [by sex and type of tenure],1,0,GBF,NA,1,1,0,1,NA,NA,ecosystems,Knowledge systems,State of ecosystems,ILK,GBF
number of plant genetic resources for food and agriculture secured in either medium- or long-term conservation facilities,1,0,SDG,NA,1,1,0,1,NA,NA,biodiversity,NA,Genetic resources,NA,SDG
number of animal genetic resources for food and agriculture secured in either medium- or long-term conservation facilities,1,0,SDG,NA,1,1,0,1,NA,NA,biodiversity,NA,Genetic resources,NA,SDG
ratio of land consumption rate to population growth rate,1,1,"SUA,GEO,SDG",1,3,1,2,1,1,NA,Ecosystem services,Human assets,Nature contribution,Coverage of basic needs,SDG
average marine acidity (ph) measured at agreed suite of representative sampling stations,1,1,"SUA,SDG",1,2,1,1,1,NA,NA,ecosystems,Direct drivers,State of ecosystems (marine),Climate change,SDG
coverage of protected areas in relation to marine areas,1,1,"SUA,GEO,SDG",1,3,1,2,1,1,NA,ecosystems,NA,Area conservation,NA,SDG
"sustainable fisheries as a proportion of gross domestic product in small island developing states, least developed countries and all countries",1,1,"SUA,SDG",1,2,1,1,1,NA,NA,Ecosystem services,Governance,Specific monetary valuation of nature contribution,Nature-based legislation,SDG
"proportion of important sites for terrestrial and freshwater biodiversity that are covered by protected areas, by ecosystem type",1,1,"SUA,SDG",1,2,1,1,1,NA,NA,ecosystems,NA,Area conservation,NA,SDG
coverage by protected areas of important sites for mountain biodiversity,1,1,"GA,SUA,SDG",1,3,1,2,1,1,NA,ecosystems,NA,Area conservation,NA,SDG
worldwide weighted tariff-average,1,1,"SUA,SDG",1,2,1,1,1,NA,NA,Ecosystem services,NA,Specific monetary valuation of nature contribution,NA,SDG
the conservation status of species listed on the cites appendices has stabilized or improved,1,0,CITES,NA,1,1,0,1,NA,NA,biodiversity,NA,Change in biodiversity,NA,CITES
wild commodities index (migratory species),1,0,CMS,NA,1,1,0,1,1,NA,biodiversity,Knowledge systems,State of biodiversity,Information on biodiversity,CMS
proportion of migratory fish stocks in safe biological limits,1,0,CMS,NA,1,1,0,1,NA,NA,Ecosystem services,biodiversity,Specific mention of sustainable use of species/ecosystems,State of biodiversity,CMS
trends in threats to migratory species,1,0,CMS,NA,1,1,0,1,NA,NA,biodiversity,Knowledge systems,State of biodiversity,Information on biodiversity,CMS
red list index (migratory species),1,0,CMS,NA,1,1,0,1,1,NA,biodiversity,Knowledge systems,State of biodiversity,Information on biodiversity,CMS
red list index (cms-listed bird species),1,0,CMS,NA,1,1,0,1,1,NA,biodiversity,Knowledge systems,State of biodiversity,Information on biodiversity,CMS
red list index (migratory bird species),1,0,CMS,NA,1,1,0,1,1,NA,biodiversity,Knowledge systems,State of biodiversity,Information on biodiversity,CMS
red list index (cms-listed bird and mammal species),1,0,CMS,NA,1,1,0,1,1,NA,biodiversity,Knowledge systems,State of biodiversity,Information on biodiversity,CMS
living planet index (migratory species),1,0,CMS,NA,1,1,0,1,1,NA,biodiversity,Knowledge systems,State of biodiversity,Information on biodiversity,CMS
wild bird index (migratory birds),1,0,CMS,NA,1,1,0,1,1,NA,biodiversity,Knowledge systems,State of biodiversity,Information on biodiversity,CMS
trends in distribution of migratory species,1,0,CMS,NA,1,1,0,1,NA,NA,biodiversity,Knowledge systems,Change in biodiversity,Information on biodiversity,CMS
"trends in conservation status, including connectivity, of identified habitats of key importance for migratory species",1,0,CMS,NA,1,1,0,1,NA,NA,biodiversity,Knowledge systems,Change in biodiversity,Information on biodiversity,CMS
coverage of key habitats for migratory species in protected areas,1,0,CMS,NA,1,1,0,1,NA,NA,ecosystems,Governance,Area conservation,Nature-based legislation,CMS
trends in protected area coverage of each key biodiversity area identified for cms-listed bird and mammal species,1,0,CMS,NA,1,1,0,1,NA,NA,ecosystems,Governance,Change in ecosystems,Nature-based legislation,CMS
trends in protected area coverage of each key biodiversity area identified for migratory bird and mammal species,1,0,CMS,NA,1,1,0,1,NA,NA,ecosystems,Governance,Change in ecosystems,Nature-based legislation,CMS
management effectiveness of areas protected specifically for migratory species,1,0,CMS,NA,1,1,0,1,NA,NA,biodiversity,Governance,Change in biodiversity,Nature-based legislation,CMS
trends in delivery of ecosystem services directly dependent on migratory species,1,0,CMS,NA,1,1,0,1,NA,NA,ecosystems,Governance,Change in ecosystems,Nature-based legislation,CMS
trends in genetic diversity of selected species,1,0,CMS,NA,1,1,0,1,NA,NA,biodiversity,biodiversity,Change in biodiversity,Genetic diversity,CMS
trends in integration of migratory species concerns in national biodiversity strategies and action plans,1,0,CMS,NA,1,1,0,1,NA,NA,biodiversity,Governance,Change in biodiversity,Nature-based legislation,CMS
the overall conservation status of wetlands,1,0,RAMSAR,NA,1,1,0,1,NA,NA,ecosystems,NA,State of ecosystems (freshwater/coastal),NA,RAMSAR
status and trends in wetland ecosystem extent,1,0,RAMSAR,NA,1,1,0,1,NA,NA,ecosystems,NA,State of ecosystems (freshwater/coastal),NA,RAMSAR
trends in conservation status - qualitative assessment,1,0,RAMSAR,NA,1,1,0,1,NA,NA,ecosystems,NA,Area conservation,NA,RAMSAR
the status of the ecological character of ramsar sites,1,0,RAMSAR,NA,1,1,0,1,NA,NA,ecosystems,NA,State of ecosystems (freshwater/coastal),NA,RAMSAR
trends in the status of ramsar site ecological character - qualitative assessment,1,0,RAMSAR,NA,1,1,0,1,NA,NA,ecosystems,NA,State of ecosystems (freshwater/coastal),NA,RAMSAR
trends in water quality,1,0,RAMSAR,NA,1,1,0,1,NA,NA,ecosystems,NA,State of ecosystems (integrity),NA,RAMSAR
trends in dissolved nitrate (or nitrogen) concentration,1,0,RAMSAR,NA,1,1,0,1,NA,NA,ecosystems,NA,State of ecosystems (integrity),NA,RAMSAR
trends in biological oxygen demand (bod),1,0,RAMSAR,NA,1,1,0,1,NA,NA,ecosystems,NA,State of ecosystems (integrity),NA,RAMSAR
the frequency of threats affecting ramsar sites,1,0,RAMSAR,NA,1,1,0,1,NA,NA,ecosystems,NA,State of ecosystems (integrity),NA,RAMSAR
the frequency of threats affecting ramsar sites - qualitative assessment,1,0,RAMSAR,NA,1,1,0,1,NA,NA,ecosystems,NA,State of ecosystems (integrity),NA,RAMSAR
wetland sites with successfully implemented conservation or wise use management plans,1,0,RAMSAR,NA,1,1,0,1,NA,NA,ecosystems,NA,Area conservation,NA,RAMSAR
overall population trends of wetland taxa,1,0,RAMSAR,NA,1,1,0,1,NA,NA,biodiversity,NA,Change in biodiversity,NA,RAMSAR
trends in the status of waterbird biogeographic populations,1,0,RAMSAR,NA,1,1,0,1,NA,NA,biodiversity,NA,Change in biodiversity,NA,RAMSAR
changes in threat status of wetland taxa,1,0,RAMSAR,NA,1,1,0,1,NA,NA,biodiversity,NA,Change in biodiversity,NA,RAMSAR
trends in the status of globally-threatened wetland-dependent birds,1,0,RAMSAR,NA,1,1,0,1,NA,NA,biodiversity,NA,Change in biodiversity,NA,RAMSAR
trends in the status of globally-threatened wetland-dependent amphibians,1,0,RAMSAR,NA,1,1,0,1,NA,NA,biodiversity,NA,Change in biodiversity,NA,RAMSAR
the proportion of candidate ramsar sites designated so far for wetland types/features,1,0,RAMSAR,NA,1,1,0,1,NA,NA,ecosystems,NA,Area conservation,NA,RAMSAR
coverage of the wetland resource by designated ramsar sites,1,0,RAMSAR,NA,1,1,0,1,NA,NA,ecosystems,NA,Area conservation,NA,RAMSAR
trends in land cover,1,0,UNCCD,NA,1,1,0,1,NA,NA,ecosystems,NA,Change in biodiversity,NA,UNCCD
trends in land productivity,1,0,UNCCD,NA,1,1,0,1,NA,NA,ecosystems,NA,Change in biodiversity,NA,UNCCD
